<?xml version="1.0" ?>
<GS>
    <NetworkModule>
        <JobQueueLength>102400</JobQueueLength>
        <MaxPackageSize>1048576</MaxPackageSize>
    </NetworkModule>
    <InternalNetwork>
        <JobQueueLength>102400</JobQueueLength>
        <MaxPackageSize>1048576</MaxPackageSize>
    </InternalNetwork>
    <ClockModule>
        <FPS>3</FPS>
    </ClockModule>
    <LogModule>
        <LogLevel>4</LogLevel>
        <LogTarget>1</LogTarget>
    </LogModule>
    <RMIModule>
        <WriteLog>1</WriteLog>
        <EraseTimeoutInterval>2000</EraseTimeoutInterval>
    </RMIModule>
    <LogDir>log/</LogDir>
    <OpenConsoleLog>0</OpenConsoleLog>
    <World>
        <AllowIPPrefix>127.0.0.1</AllowIPPrefix>
        <GameServer>
            <Index>0</Index>
            <LocalIP>127.0.0.1</LocalIP>
            <ListenPort>49938</ListenPort>
            <Backlog>64</Backlog>
        </GameServer>
    </World>
    <ConfigDir>../config</ConfigDir>
    <ScriptDir>../scripts</ScriptDir>
    <GameThread>0</GameThread>
    <DataAccessServer>
        <Type>0</Type>
        <Index>0</Index>
        <AllowIPPrefix>127.0.0.1</AllowIPPrefix>
    </DataAccessServer>
    <LoginServerModule>
        <AllowIPPrefix>127.0.0.1</AllowIPPrefix>
        <InnerComm>
            <ForGameServer>
                <Backlog>64</Backlog>
            </ForGameServer>
            <ForGateWay>
                <Backlog>64</Backlog>
            </ForGateWay>
        </InnerComm>
        <ForUser>
            <Backlog>64</Backlog>
        </ForUser>
    </LoginServerModule>
    <GatewayModule>
        <AllowIPPrefix>127.0.0.1</AllowIPPrefix>
        <GameUser>
            <LocalIP>192.168.11.143</LocalIP>
            <ListenPort>49939</ListenPort>
            <Backlog>64</Backlog>
        </GameUser>
    </GatewayModule>
    <CrossServerModule>
        <ForGlobal>
            <ListenPort>10777</ListenPort>
            <Backlog>64</Backlog>
        </ForGlobal>
    </CrossServerModule>
</GS>
